EmployeeID,FirstName,LastName,Age,Salary,Location,Email,Hobby
8462,Richard,Gill,30,80311.71,San Jose,richard.gill@awswithchetan.com,Photography
6202,Scott,Macias,30,74676.22,New York,scott.macias@awswithchetan.com,Gaming
9913,Tiffany,Weber,54,93259.53,Chicago,tiffany.weber@awswithchetan.com,Swimming
7079,Donna,Ward,24,84654.87,San Diego,donna.ward@awswithchetan.com,Cycling
5177,Carol,Fowler,58,67240.91,San Diego,carol.fowler@awswithchetan.com,Traveling
9635,Troy,Griffith,47,76572.41,Chicago,troy.griffith@awswithchetan.com,Photography
9889,Jonathan,Garcia,61,87886.69,New York,jonathan.garcia@awswithchetan.com,Painting
6868,Ashley,Goodman,52,69328.88,Philadelphia,ashley.goodman@awswithchetan.com,Cooking
6882,Joy,Bryant,38,98797.45,San Jose,joy.bryant@awswithchetan.com,Painting
9739,Rebecca,Perry,45,108693.94,Los Angeles,rebecca.perry@awswithchetan.com,Traveling
7332,Lauren,Grimes,59,51942.26,Los Angeles,lauren.grimes@awswithchetan.com,Cooking
5984,Megan,Weaver,42,75451.21,San Diego,megan.weaver@awswithchetan.com,Gaming
1083,George,Johnson,35,99640.44,San Diego,george.johnson@awswithchetan.com,Painting
2766,Brian,Shepherd,35,98926.21,Dallas,brian.shepherd@awswithchetan.com,Gardening
7362,Lori,Flowers,46,68153.27,Los Angeles,lori.flowers@awswithchetan.com,Photography
8813,Randall,Vega,38,54364.25,Philadelphia,randall.vega@awswithchetan.com,Painting
2108,Chris,Kim,57,98228.13,San Jose,chris.kim@awswithchetan.com,Traveling
9227,Jane,Palmer,37,49361.43,Phoenix,jane.palmer@awswithchetan.com,Gaming
3962,Angela,Combs,63,116749.06,San Jose,angela.combs@awswithchetan.com,Photography
4153,Aaron,Sanchez,37,107911.52,Dallas,aaron.sanchez@awswithchetan.com,Cooking
3629,Laura,Fernandez,60,118789.96,Chicago,laura.fernandez@awswithchetan.com,Gaming
4133,Natalie,Russell,46,100793.58,San Jose,natalie.russell@awswithchetan.com,Painting
3738,Sheila,Porter,64,99882.33,San Antonio,sheila.porter@awswithchetan.com,Traveling
8555,John,Moore,44,97051.29,San Diego,john.moore@awswithchetan.com,Swimming
7726,Anne,Kennedy,23,111515.67,Philadelphia,anne.kennedy@awswithchetan.com,Gardening
6237,Daniel,Martinez,60,31814.89,Chicago,daniel.martinez@awswithchetan.com,Traveling
2878,Michael,Stanton,63,31680.5,Philadelphia,michael.stanton@awswithchetan.com,Cooking
1076,Richard,Johnson,38,109007.7,Dallas,richard.johnson@awswithchetan.com,Cycling
8443,James,Foster,31,111691.71,Philadelphia,james.foster@awswithchetan.com,Gaming
6895,Jason,Brown,36,41502.02,Phoenix,jason.brown@awswithchetan.com,Reading
4719,Brendan,Carr,40,38347.62,San Antonio,brendan.carr@awswithchetan.com,Reading
8591,Todd,Lamb,37,52802.95,Houston,todd.lamb@awswithchetan.com,Cooking
2496,Amy,Jones,28,33519.09,Phoenix,amy.jones@awswithchetan.com,Traveling
5191,Kristen,Mckay,27,53400.37,Dallas,kristen.mckay@awswithchetan.com,Painting
3277,Danielle,Wu,61,100155.49,Chicago,danielle.wu@awswithchetan.com,Cooking
7700,Lance,Hart,46,110453.87,Phoenix,lance.hart@awswithchetan.com,Cooking
5365,Todd,Mcdonald,59,96246.38,Phoenix,todd.mcdonald@awswithchetan.com,Reading
8302,Travis,Stevens,60,41513.09,Los Angeles,travis.stevens@awswithchetan.com,Cooking
6367,Luke,Lambert,63,89784.15,Dallas,luke.lambert@awswithchetan.com,Traveling
7164,Jessica,Kim,35,71340.39,Los Angeles,jessica.kim@awswithchetan.com,Gaming
9612,Richard,King,48,98581.75,Chicago,richard.king@awswithchetan.com,Hiking
8718,Holly,Velez,34,62020.18,Phoenix,holly.velez@awswithchetan.com,Cooking
1763,Catherine,Sanchez,54,75679.83,Houston,catherine.sanchez@awswithchetan.com,Cooking
7296,Steven,Harris,26,32222.4,Houston,steven.harris@awswithchetan.com,Hiking
4954,Deanna,Rios,24,63854.38,Phoenix,deanna.rios@awswithchetan.com,Gaming
2875,Sonya,Webb,62,102629.57,Philadelphia,sonya.webb@awswithchetan.com,Swimming
3355,Miranda,Nelson,37,43911.35,Houston,miranda.nelson@awswithchetan.com,Photography
7525,Michelle,Martin,36,112008.71,San Jose,michelle.martin@awswithchetan.com,Cooking
4370,Barbara,Barber,24,72080.85,San Jose,barbara.barber@awswithchetan.com,Photography
5070,Sierra,Hernandez,63,77160.87,San Diego,sierra.hernandez@awswithchetan.com,Cycling
3102,Brittany,Nichols,57,104296.72,New York,brittany.nichols@awswithchetan.com,Gardening
5194,Gabriel,Bowers,27,40349.84,San Diego,gabriel.bowers@awswithchetan.com,Photography
3447,Richard,Mora,61,85438.04,Los Angeles,richard.mora@awswithchetan.com,Painting
7634,Carl,Jackson,28,93232.72,Chicago,carl.jackson@awswithchetan.com,Gaming
9768,Chad,Robinson,42,103649.92,Phoenix,chad.robinson@awswithchetan.com,Traveling
4897,Edwin,Henderson,57,74948.35,San Antonio,edwin.henderson@awswithchetan.com,Painting
8153,Molly,Barnett,46,59813.03,Los Angeles,molly.barnett@awswithchetan.com,Swimming
2368,Matthew,Shaffer,25,110147.84,Philadelphia,matthew.shaffer@awswithchetan.com,Cycling
7023,Steven,Braun,45,77713.42,Phoenix,steven.braun@awswithchetan.com,Swimming
6337,Christina,Nunez,25,61165.31,San Antonio,christina.nunez@awswithchetan.com,Reading
4243,David,Stewart,45,75141.05,Houston,david.stewart@awswithchetan.com,Painting
2685,Dorothy,Cortez,36,114978.62,San Diego,dorothy.cortez@awswithchetan.com,Reading
3294,Lisa,Herrera,24,99479.78,New York,lisa.herrera@awswithchetan.com,Photography
4863,Juan,Turner,65,44938.24,Philadelphia,juan.turner@awswithchetan.com,Hiking
3121,Lori,Diaz,39,116332.48,Dallas,lori.diaz@awswithchetan.com,Painting
7379,Abigail,Rodriguez,57,96475.14,San Antonio,abigail.rodriguez@awswithchetan.com,Traveling
1734,Stephen,Schaefer,61,82037.32,Philadelphia,stephen.schaefer@awswithchetan.com,Gardening
9114,Erin,Hill,54,44795.12,New York,erin.hill@awswithchetan.com,Traveling
8025,Renee,Fitzgerald,30,30518.12,Los Angeles,renee.fitzgerald@awswithchetan.com,Traveling
9695,Christian,Gross,38,79565.71,San Antonio,christian.gross@awswithchetan.com,Swimming
4234,Megan,Ray,26,49727.63,Dallas,megan.ray@awswithchetan.com,Reading
1518,Lisa,Flores,32,69482.26,San Antonio,lisa.flores@awswithchetan.com,Gaming
2336,Tammy,Hanson,63,109265.27,Los Angeles,tammy.hanson@awswithchetan.com,Traveling
1822,Theresa,Pitts,48,114559.46,San Jose,theresa.pitts@awswithchetan.com,Painting
4497,Heather,Phillips,46,80754.4,Los Angeles,heather.phillips@awswithchetan.com,Reading
8431,Nicholas,Adams,43,101050.84,San Antonio,nicholas.adams@awswithchetan.com,Traveling
6954,Rachel,Ballard,62,33092.15,San Antonio,rachel.ballard@awswithchetan.com,Photography
8415,Carol,Dennis,58,60021.3,New York,carol.dennis@awswithchetan.com,Photography
2842,Edward,Tran,39,40805.24,San Antonio,edward.tran@awswithchetan.com,Photography
1786,Andrea,Potter,48,103366.25,San Diego,andrea.potter@awswithchetan.com,Gardening
1481,Frank,Abbott,47,72521.36,Phoenix,frank.abbott@awswithchetan.com,Gardening
5705,Philip,Dillon,23,41933.42,San Diego,philip.dillon@awswithchetan.com,Cycling
7760,Timothy,Morris,45,109763.68,New York,timothy.morris@awswithchetan.com,Painting
6447,Lisa,Gardner,31,41017.09,San Jose,lisa.gardner@awswithchetan.com,Painting
3006,Courtney,Harrell,56,37283.04,New York,courtney.harrell@awswithchetan.com,Painting
6201,Timothy,Butler,64,87036.05,San Jose,timothy.butler@awswithchetan.com,Cycling
6126,Daniel,Dean,49,95623.7,Los Angeles,daniel.dean@awswithchetan.com,Swimming
3159,Monica,Miller,26,106819.17,San Diego,monica.miller@awswithchetan.com,Painting
1521,Barbara,Fields,58,41251.06,Philadelphia,barbara.fields@awswithchetan.com,Cooking
6048,Douglas,Miller,45,58437.94,Dallas,douglas.miller@awswithchetan.com,Gaming
7096,Amy,Ingram,32,77217.78,New York,amy.ingram@awswithchetan.com,Gardening
8849,Bianca,Mccormick,54,39935.39,San Antonio,bianca.mccormick@awswithchetan.com,Gaming
9467,Andrew,Ramirez,32,75615.95,Houston,andrew.ramirez@awswithchetan.com,Swimming
5368,Jason,Fletcher,52,68697.99,San Jose,jason.fletcher@awswithchetan.com,Cooking
3324,Noah,Johnson,45,66355.99,Los Angeles,noah.johnson@awswithchetan.com,Painting
2599,Melissa,Jenkins,61,57780.56,Dallas,melissa.jenkins@awswithchetan.com,Gaming
5852,Stephen,King,44,77341.07,San Jose,stephen.king@awswithchetan.com,Gardening
9226,Rachael,Rodriguez,64,70317.84,Dallas,rachael.rodriguez@awswithchetan.com,Gaming
4126,Vanessa,Ellison,62,66131.92,Los Angeles,vanessa.ellison@awswithchetan.com,Cycling
9443,Kimberly,Watkins,39,62848.44,Philadelphia,kimberly.watkins@awswithchetan.com,Reading
